"Source","Target","N","nb_cit_Target","nb_cit_Source","Weight"
4543040,3340593,4,8,18,0.333333333333333
4543040,4118422,4,21,18,0.205737799949456
4850876,3340593,4,8,17,0.342997170285018
4850876,4543040,8,18,17,0.457329560380024
5206559,3829231,5,55,68,0.0817587425209661
5301976,5206559,5,68,9,0.202113020863611
5343942,5206559,4,68,10,0.153392997769474
5630592,4202106,4,8,18,0.333333333333333
6010391,4218636,4,12,6,0.471404520791032
6212200,4850876,4,17,4,0.485071250072666
6819608,4118422,4,21,11,0.263180677983908
7308420,4409272,5,7,8,0.668153104781061
7592799,5206559,4,68,48,0.0700140042014005
7948004,4543040,5,18,23,0.245736593591495
8257075,3829231,4,55,51,0.0755254912049361
8257075,3832017,5,12,51,0.202113020863611
9013560,8257075,4,51,6,0.228664780190012
9784288,3829231,4,55,41,0.0842338630285323
9784288,5206559,13,68,41,0.246205056200535
9784288,8257075,7,51,41,0.153080905894243
9784477,5206559,7,68,23,0.177002608098461
9793083,5206559,8,68,8,0.342997170285018
9793723,4218636,4,12,9,0.384900179459751
9793728,9793076,4,5,20,0.4
10094135,8257075,5,51,33,0.121878737354522
10526588,7948004,4,23,11,0.251477845384773
10526626,5635475,4,8,20,0.316227766016838
10526626,6351292,4,17,20,0.216930457818656
10526626,10094135,4,33,20,0.155699788832305
10682331,4543040,5,18,11,0.355334527259351
10682331,4850876,7,17,11,0.511890696888991
11255368,7592799,4,48,12,0.166666666666667
11274817,3555744,4,16,21,0.218217890235992
11431556,4543040,4,18,15,0.243432247780074
11436738,4543040,6,18,11,0.426401432711221
11436738,4850876,8,17,11,0.585017939301705
11436738,10682331,5,11,11,0.454545454545455
11758980,10317940,5,6,6,0.833333333333333
11804826,3227546,5,5,7,0.845154254728517
12130830,9784288,4,41,4,0.312347523777212
12838770,10094135,5,33,39,0.139373668334515
12949704,8257071,4,8,23,0.294883912309794
12949704,8257075,6,51,23,0.175187148742135
12949704,9784288,4,41,23,0.130257921805167
14019388,5206559,8,68,30,0.177122977108019
14603547,12838770,5,39,27,0.154083387840341
15259406,3578552,4,5,7,0.676123403782813
15352517,7720676,4,12,9,0.384900179459751
15593237,4850876,4,17,4,0.485071250072666
15631800,12073369,4,6,5,0.730296743340221
15686441,6207824,4,8,5,0.632455532033676
15862899,3832017,4,12,7,0.436435780471985
15862899,7308420,4,8,7,0.534522483824849
16047464,11255368,4,12,6,0.471404520791032
16061941,11255368,4,12,4,0.577350269189626
16237272,5206559,5,68,12,0.175035010503501
16237272,9784288,4,41,12,0.180333926933486
16238356,5206559,4,68,10,0.153392997769474
16561904,10094135,4,33,9,0.232103541274264
16862907,5206559,5,68,22,0.129271922498755
16862907,11274817,4,21,22,0.186096842079694
16927553,5206559,4,68,4,0.242535625036333
16964454,4312792,5,7,21,0.412393049421161
16964454,7948004,7,23,21,0.318511028635303
16982579,3829231,9,55,117,0.112193638801015
16982579,3840603,9,39,117,0.133234677505298
16982579,4065101,4,7,117,0.139771311562922
16982579,5206559,14,68,117,0.156956985265806
16982579,5317410,8,15,117,0.190963966410515
16982579,7592799,9,48,117,0.120096115353815
16982579,7759170,5,13,117,0.128205128205128
16982579,8257075,4,51,117,0.0517823758253745
16982579,9784286,4,7,117,0.139771311562922
16982579,9784288,7,41,117,0.101067885758982
16982579,9808723,12,16,117,0.277350098112615
16982579,10083175,4,4,117,0.18490006540841
16982579,10093617,5,6,117,0.188712839024099
16982579,10094135,6,33,117,0.0965609099170535
16982579,11255368,5,12,117,0.133440128170906
16982579,12838770,6,39,117,0.0888231183368655
16982579,12949704,4,23,117,0.0771086575954987
16982579,13266950,4,6,117,0.150970271219279
16982579,16056864,4,4,117,0.18490006540841
16982579,16238356,4,10,117,0.116941069240937
17006402,12073369,4,6,13,0.452910813657838
17006402,16982579,6,117,13,0.153846153846154
17093916,4543040,8,18,12,0.544331053951817
17093916,4850876,8,17,12,0.560112033611204
17093916,10682331,5,11,12,0.435194139889245
17093916,11436738,5,11,12,0.435194139889245
17093916,15593237,4,4,12,0.577350269189626
17347184,5206559,6,68,13,0.201801838198894
17538905,7592799,6,48,14,0.231455024943138
17538905,7720676,5,12,14,0.38575837490523
17538905,7727454,4,9,14,0.356348322549899
17538905,15352517,5,9,14,0.445435403187374
17681590,6351292,4,17,15,0.25048971643406
17681590,12838770,7,39,15,0.289414380708153
17781321,3578552,4,5,4,0.894427190999916
17781321,15259406,4,7,4,0.755928946018454
17783272,5210301,6,9,7,0.755928946018454
17791782,15120806,4,6,14,0.436435780471985
17791782,15259406,5,7,14,0.505076272276105
17841708,5210301,4,9,7,0.50395263067897
17975832,5206559,15,68,23,0.37929130306813
17975832,9784288,6,41,23,0.195386882707751
17975832,14019388,4,30,23,0.152277397525376
17975832,16238356,4,10,23,0.263752189358315
17975832,16862907,4,22,23,0.177821689789755
17975832,16982579,7,117,23,0.134940150792123
17982369,4850876,5,17,5,0.54232614454664
17982369,11436738,4,11,5,0.539359889970594
18120208,10526626,5,20,5,0.5
18140032,17990557,4,12,9,0.384900179459751
18201381,16982579,4,117,16,0.0924500327042048
18242380,4065101,4,7,8,0.534522483824849
18242380,7592799,4,48,8,0.204124145231932
18242380,11255368,5,12,8,0.510310363079829
18242380,16982579,4,117,8,0.130744090092123
18409404,8257075,4,51,12,0.161690416690889
18409404,16982579,5,117,12,0.133440128170906
18423574,3840603,5,39,14,0.213980246255456
18423574,9784288,4,41,14,0.166956774225936
18423574,16237272,5,12,14,0.38575837490523
18423574,16238356,4,10,14,0.338061701891407
18423574,16982579,4,117,14,0.0988332422214802
18825528,3840603,4,39,14,0.171184197004365
18825528,16982579,5,117,14,0.12354155277685
19176993,5206559,6,68,7,0.275009549108463
19176993,9784288,4,41,7,0.236112534440382
19176993,16982579,4,117,7,0.139771311562922
19685603,8257075,4,51,7,0.211702449609985
19696249,4409272,4,7,14,0.404061017820884
19696249,6351292,4,17,14,0.259281489420866
19696249,7308420,6,8,14,0.566946709513841
19696249,10527918,5,9,14,0.445435403187374
19696249,14603547,4,27,14,0.205737799949456
19882291,4543040,7,18,13,0.457604315322429
19882291,4850876,4,17,13,0.269069117598525
19882291,17093916,4,12,13,0.320256307610174
20025407,3342650,4,5,17,0.433860915637312
20025407,4409272,4,7,17,0.366679398811285
20025407,6351292,4,17,17,0.235294117647059
20025407,7308420,4,8,17,0.342997170285018
20025407,19696249,4,14,17,0.259281489420866
20025407,20025211,7,10,17,0.536875492193159
20668512,16982579,4,117,13,0.102564102564103
20790036,11274817,5,21,14,0.291605921759902
21272024,4543040,6,18,7,0.534522483824849
21293232,11431556,4,15,11,0.311399577664609
21398077,11215642,4,4,5,0.894427190999916
21422242,5317410,5,15,11,0.389249472080761
21422242,16982579,7,117,11,0.195123135668321
22072376,3829231,4,55,22,0.114991914915214
22072376,8124334,4,4,22,0.426401432711221
22072376,8257075,4,51,22,0.119416286805306
22072376,16982579,4,117,22,0.0788416527985444
22080605,16982579,4,117,11,0.111498934667612
22180507,4118422,5,21,9,0.363696483726654
22354688,16982579,4,117,9,0.123266710272273
22621594,19949687,4,6,7,0.617213399848368
22716633,5206559,10,68,40,0.191741247211843
22716633,7592799,4,48,40,0.0912870929175277
22716633,16982579,15,117,40,0.219264504826757
22716633,17006402,4,13,40,0.175411603861406
22722328,3840603,4,39,28,0.12104550653376
22722328,4599013,4,4,28,0.377964473009227
22722328,5206559,5,68,28,0.114587312128526
22722328,5301976,4,9,28,0.251976315339485
22722328,9784286,4,7,28,0.285714285714286
22722328,9784288,7,41,28,0.206598467635334
22722328,9793723,4,9,28,0.251976315339485
22722328,9793728,6,20,28,0.253546276418555
22722328,13920058,4,8,28,0.267261241912424
22722328,16235653,4,7,28,0.285714285714286
22722328,16237272,8,12,28,0.436435780471985
22722328,16238356,7,10,28,0.418330013267038
22722328,16982579,6,117,28,0.104828483672192
22722328,17975832,4,23,28,0.15762208124782
22722328,17990557,5,12,28,0.272772362794991
22722328,18423574,10,14,28,0.505076272276105
22722328,20783932,4,6,28,0.308606699924184
22725047,22722328,4,28,6,0.308606699924184
22920002,4202106,4,8,19,0.324442842261525
22920002,4218636,5,12,19,0.331133089266261
23014031,16964454,4,21,6,0.356348322549899
23740290,4118422,4,21,7,0.329914439536929
23743544,23740812,4,4,6,0.816496580927726
24188167,3555744,4,16,4,0.5
24352424,16862907,4,22,15,0.220192753025272
24422039,5227468,4,7,15,0.390360029179413
24422039,6207824,6,8,15,0.547722557505166
24422039,7948004,5,23,15,0.269190951029083
24422039,14391607,4,4,15,0.516397779494322
24422039,15686441,4,5,15,0.461880215351701
24422039,16964454,7,21,15,0.394405318873308
24422039,19949687,5,6,15,0.52704627669473
24422039,22621594,5,7,15,0.487950036474267
24546527,3840603,10,39,30,0.292352673102343
24546527,7592799,4,48,30,0.105409255338946
24546527,9808723,4,16,30,0.182574185835055
24546527,16982579,22,117,30,0.371337767930678
24546527,22716633,5,40,30,0.144337567297406
25302353,11963721,4,4,5,0.894427190999916
25387792,22072376,6,22,20,0.286038776773678
25388601,16982579,9,117,13,0.230769230769231
25388601,22080605,4,11,13,0.334496804002836
25777577,11758980,4,6,5,0.730296743340221
25943087,25094803,5,9,7,0.629940788348712
26118513,5206559,4,68,7,0.183339699405642
26183959,4312792,4,7,19,0.346843987809648
26183959,6834569,4,11,19,0.27668578554643
26183959,16964454,5,21,19,0.250313087160879
26193608,3340593,4,8,11,0.426401432711221
26193608,4543040,7,18,11,0.497468338163091
26193608,4850876,6,17,11,0.438763454476278
26193608,7948004,4,23,11,0.251477845384773
26193608,10526588,4,11,11,0.363636363636364
26193608,10682331,4,11,11,0.363636363636364
26193608,17093916,6,12,11,0.522232967867094
26193608,19882291,4,13,11,0.334496804002836
26334463,16982579,5,117,9,0.154083387840341
26334463,21422242,5,11,9,0.502518907629606
27370076,16982579,4,117,6,0.150970271219279
27420587,16511040,4,10,9,0.421637021355784
27420587,17681590,4,15,9,0.344265186329548
27420587,21416813,4,20,9,0.298142396999972
27966563,16982579,4,117,5,0.165379646118945
28135699,16982579,5,117,6,0.188712839024099
28361015,5206559,4,68,12,0.140028008402801
28720107,5206559,4,68,13,0.134534558799262
28720107,16982579,12,117,13,0.307692307692308
28760781,5206559,15,68,32,0.321559847142204
28760781,12949704,4,23,32,0.147441956154897
28760781,16982579,13,117,32,0.212459146399699
28840034,16982579,9,117,10,0.263117405792109
28840034,24546527,5,30,10,0.288675134594813
29142127,3840603,4,39,6,0.261488180184245
29618814,16982579,11,117,16,0.254237589936563
29980740,8257075,4,51,5,0.25048971643406
30001927,3829231,14,55,59,0.24576536845703
30001927,3840603,24,39,59,0.5003258390701
30001927,5505485,4,5,59,0.232889003895833
30001927,8257075,6,51,59,0.109380563524646
30001927,12094484,4,4,59,0.260377821961648
30001927,12949704,5,23,59,0.135731322449476
30001927,16982579,15,117,59,0.18053953616853
30001927,22072376,5,22,59,0.138781845413342
30001927,24546527,11,30,59,0.261460478697841
30001927,28760781,4,32,59,0.0920574617898323
30001927,28840034,4,10,59,0.164677393918524
30001927,29142127,6,6,59,0.31889640207164
30009485,5206559,4,68,16,0.121267812518166
30009485,16982579,11,117,16,0.254237589936563
30009485,24546527,5,30,16,0.228217732293819
30009485,30006485,4,6,16,0.408248290463863
30200308,3832017,4,12,12,0.333333333333333
30200308,8257075,7,51,12,0.282958229209055
30200308,9013560,4,6,12,0.471404520791032
30520118,27498077,4,6,4,0.816496580927726
30574816,5206559,4,68,12,0.140028008402801
30648847,7592799,9,48,24,0.265165042944955
30648847,16982579,5,117,24,0.0943564195120496
30648847,21416813,4,20,24,0.182574185835055
30648847,21422242,4,11,24,0.246182981958665
30682196,7592799,4,48,5,0.258198889747161
30684326,16982579,4,117,4,0.18490006540841
30806198,5206559,5,68,32,0.107186615714068
30806198,8257075,6,51,32,0.148522131446501
30806198,9784288,12,41,32,0.33129457822454
30806198,16982579,8,117,32,0.130744090092123
30806198,21293232,4,11,32,0.21320071635561
30806198,23320169,4,10,32,0.223606797749979
30806198,25094803,4,9,32,0.235702260395516
31462573,5206559,5,68,5,0.27116307227332
31520074,7592799,5,48,7,0.272772362794991
31520074,30648847,5,24,7,0.38575837490523
31721197,30574816,4,12,7,0.436435780471985
31742093,9784288,4,41,13,0.173259232729684
31742093,21293232,4,11,13,0.334496804002836
31742093,30806198,10,32,13,0.49029033784546
31786672,19696249,4,14,10,0.338061701891407
31786672,20025407,6,17,10,0.460178993308422
31791153,3829231,6,55,12,0.233549683248457
31791153,8257075,4,51,12,0.161690416690889
31791153,26224275,5,7,12,0.545544725589981
31873653,30806198,5,32,7,0.33407655239053
31873653,31742093,4,13,7,0.419313934688767
31912135,16982579,4,117,7,0.139771311562922
32034205,30574816,4,12,12,0.333333333333333
32034345,8257075,4,51,9,0.186704011203735
32081108,11255368,5,12,7,0.545544725589981
32095530,5206559,7,68,25,0.169774937525433
32095530,8257075,4,51,25,0.112022406722241
32095530,9784288,4,41,25,0.124939009510885
32095530,9784477,4,23,25,0.16681153124566
32095530,15352517,4,9,25,0.266666666666667
32095530,17347184,4,13,25,0.221880078490092
32095530,28361015,5,12,25,0.288675134594813
32095530,30459318,5,10,25,0.316227766016838
32116457,17538905,4,14,7,0.404061017820884
32306815,3829231,4,55,5,0.241209075662211
32339998,16982579,5,117,9,0.154083387840341
32339998,28760781,4,32,9,0.235702260395516
32407223,16982579,4,117,4,0.18490006540841
32519054,9808723,4,16,14,0.267261241912424
32519054,16982579,9,117,14,0.22237479499833
32667965,5206559,7,68,22,0.180980691498257
32667965,7592799,6,48,22,0.184637236468999
32667965,16982579,6,117,22,0.118262479197817
32667965,22354688,6,9,22,0.426401432711221
32667965,30051279,4,7,22,0.322329185610152
32736597,12837678,4,11,6,0.492365963917331
33144654,9784288,6,41,25,0.187408514266327
33144654,30574816,4,12,25,0.23094010767585
33144654,30806198,9,32,25,0.318198051533946
33144654,31721197,4,7,25,0.302371578407382
33144654,31742093,6,13,25,0.332820117735137
33343422,16982579,4,117,4,0.18490006540841
33544458,9784477,4,23,6,0.340502612303499
33602229,27036916,6,14,8,0.566946709513841
33754970,28630620,4,6,7,0.617213399848368
33828975,16982579,6,117,6,0.226455406828919
33833619,32034205,4,12,4,0.577350269189626
34097463,11255368,4,12,6,0.471404520791032
34227088,5206559,4,68,10,0.153392997769474
34227088,9784477,4,23,10,0.263752189358315
34227088,33544458,4,6,10,0.516397779494322
34370297,30001927,4,59,4,0.260377821961648
34397713,3840603,4,39,5,0.286445949615773
34397713,30001927,4,59,5,0.232889003895833
34404803,25387792,4,20,6,0.365148371670111
34585189,7592799,4,48,6,0.235702260395516
34794795,16982579,4,117,11,0.111498934667612
34794795,22716633,4,40,11,0.190692517849118
35215022,3829231,5,55,13,0.186989398001691
35215022,8257071,4,8,13,0.392232270276368
35215022,8257075,5,51,13,0.194183909345154
35215022,16982579,4,117,13,0.102564102564103
35365336,3829231,4,55,18,0.127128345232746
35365336,5206559,16,68,18,0.457329560380024
35365336,32667965,6,22,18,0.301511344577764
35799056,3829231,4,55,6,0.220192753025272
35799056,30001927,4,59,6,0.212597601381094
35849501,16982579,5,117,11,0.139373668334515
35849501,28840034,5,10,11,0.476731294622796
35878022,3840603,4,39,25,0.12810252304407
35878022,16982579,20,117,25,0.369800130816819
35878022,24546527,7,30,25,0.255603860169077
35878022,25388601,4,13,25,0.221880078490092
35878022,27370076,4,6,25,0.32659863237109
35878022,28840034,6,10,25,0.379473319220206
35878022,29618814,4,16,25,0.2
35878022,30001927,7,59,25,0.182264475373153
35878022,35849501,5,11,25,0.301511344577764
36111835,9808723,5,16,5,0.559016994374947
36155746,5206559,4,68,22,0.103417537999004
36155746,16982579,13,117,22,0.256235371595269
36155746,22716633,4,40,22,0.134839972492648
36155746,24546527,5,30,22,0.194624736040381
36155746,28760781,6,32,22,0.226133508433323
36155746,30009485,4,16,22,0.21320071635561
36162800,3840603,6,39,12,0.277350098112615
36162800,24546527,4,30,12,0.210818510677892
36162800,30001927,10,59,12,0.375823014001414
36162800,34370297,4,4,12,0.577350269189626
36336702,3829231,8,55,113,0.101477420812884
36336702,3840603,7,39,113,0.105445127130129
36336702,5206559,33,68,113,0.376461234266927
36336702,5317410,9,15,113,0.218603775400767
36336702,5821122,4,5,113,0.168281264764669
36336702,7592799,7,48,113,0.0950469531538745
36336702,7759170,4,13,113,0.10436361005711
36336702,8257071,5,8,113,0.166297526309435
36336702,8257075,9,51,113,0.118554542696438
36336702,9671498,4,5,113,0.168281264764669
36336702,9784288,13,41,113,0.190990691973357
36336702,9784475,4,4,113,0.188144173676719
36336702,9784477,7,23,113,0.137307702463588
36336702,9808723,4,16,113,0.0940720868383597
36336702,10094135,6,33,113,0.0982550902060951
36336702,12949704,10,23,113,0.196153860662268
36336702,13912659,5,10,113,0.148741029327182
36336702,14019388,7,30,113,0.120225942650227
36336702,16982579,49,117,113,0.426151407733199
36336702,17347184,7,13,113,0.182636317599942
36336702,17975832,12,23,113,0.235384632794722
36336702,18201381,4,16,113,0.0940720868383597
36336702,18409404,4,12,113,0.108625089318714
36336702,21422242,5,11,113,0.14181900694935
36336702,22716633,18,40,113,0.267733852788928
36336702,23320169,4,10,113,0.118992823461746
36336702,24546527,8,30,113,0.137401077314545
36336702,25388601,4,13,113,0.10436361005711
36336702,26118513,4,7,113,0.142223626906956
36336702,26334463,4,9,113,0.125429449117813
36336702,28227097,4,4,113,0.188144173676719
36336702,28361015,6,12,113,0.162937633978071
36336702,28720107,8,13,113,0.20872722011422
36336702,28760781,24,32,113,0.399114063142644
36336702,28840034,4,10,113,0.118992823461746
36336702,28864651,4,6,113,0.153619074528514
36336702,29618814,9,16,113,0.211662195386309
36336702,30001927,14,59,113,0.171459995548514
36336702,30009485,8,16,113,0.188144173676719
36336702,30459318,6,10,113,0.178489235192619
36336702,30648847,6,24,113,0.115214305896385
36336702,30806198,12,32,113,0.199557031571322
36336702,31462573,4,5,113,0.168281264764669
36336702,32095530,9,25,113,0.169329756309048
36336702,32180353,4,4,113,0.188144173676719
36336702,32519054,5,14,113,0.125709113788567
36336702,32667965,7,22,113,0.140393654121038
36336702,33144654,4,25,113,0.0752576694706878
36336702,34794795,7,11,113,0.19854660972909
36336702,35215022,5,13,113,0.130454512571387
36336702,35365336,8,18,113,0.177384028063397
36336702,35849501,4,11,113,0.11345520555948
36336702,35878022,12,25,113,0.225773008412063
36336702,36155746,18,22,113,0.361012253454099
36336702,36162800,4,12,113,0.108625089318714
36464021,27498077,4,6,4,0.816496580927726
36543294,8257075,5,51,8,0.247536885744169
36543294,27592219,4,5,8,0.632455532033676
36582850,27036916,4,14,10,0.338061701891407
36582850,32095530,4,25,10,0.25298221281347
36633048,16982579,6,117,10,0.175411603861406
36633048,28840034,4,10,10,0.4
36633048,30001927,4,59,10,0.164677393918524
36633048,35878022,6,25,10,0.379473319220206
36633048,36336702,5,113,10,0.148741029327182
36953027,16982579,4,117,13,0.102564102564103
37051572,16982579,4,117,14,0.0988332422214802
37051572,18409404,5,12,14,0.38575837490523
37051572,32095530,5,25,14,0.267261241912424
37051572,36336702,5,113,14,0.125709113788567
37055987,5206559,4,68,11,0.146254484825426
37055987,16982579,4,117,11,0.111498934667612
37055987,17975832,4,23,11,0.251477845384773
37055987,28760781,4,32,11,0.21320071635561
37055987,36155746,4,22,11,0.25712973861329
37055987,36336702,8,113,11,0.22691041111896
37164842,5206559,4,68,4,0.242535625036333
37164842,36336702,4,113,4,0.188144173676719
37180733,5206559,11,68,25,0.266789187539966
37180733,8257075,4,51,25,0.112022406722241
37180733,16982579,8,117,25,0.147920052326728
37180733,17347184,4,13,25,0.221880078490092
37180733,18409404,4,12,25,0.23094010767585
37180733,22716633,5,40,25,0.158113883008419
37180733,28720107,6,13,25,0.332820117735137
37180733,28760781,8,32,25,0.282842712474619
37180733,30574816,4,12,25,0.23094010767585
37180733,32095530,6,25,25,0.24
37180733,36336702,18,113,25,0.338659512618095
37180733,37051572,6,14,25,0.320713490294909
37205087,17453395,4,6,28,0.308606699924184
37205087,17538905,6,14,28,0.303045763365663
37205087,28361015,4,12,28,0.218217890235992
37205087,30806198,6,32,28,0.200445931434318
37205087,32095530,6,25,28,0.226778683805536
37205087,33472468,10,12,28,0.545544725589981
37205087,34585189,4,6,28,0.308606699924184
37287827,3840603,6,39,17,0.233020691214185
37287827,16982579,13,117,17,0.291491544065069
37287827,24546527,4,30,17,0.177122977108019
37287827,30001927,5,59,17,0.157877244487668
37287827,36336702,6,113,17,0.136894994278883
37305287,8257075,7,51,8,0.346551640041836
37493096,5206559,8,68,8,0.342997170285018
37493096,16982579,4,117,8,0.130744090092123
37493096,28760781,5,32,8,0.3125
37493096,36336702,7,113,8,0.232816536833209
37493096,37180733,5,25,8,0.353553390593274
37800660,20025407,4,17,6,0.39605901719067
37871006,16982579,5,117,7,0.174714139453653
37871006,32095530,4,25,7,0.302371578407382
37871006,36336702,4,113,7,0.142223626906956
37918331,5206559,5,68,33,0.105550082730187
37918331,12949704,4,23,33,0.145190801728126
37918331,16982579,17,117,33,0.273589244764985
37918331,22716633,8,40,33,0.220192753025272
37918331,24546527,5,30,33,0.158910431540932
37918331,28720107,6,13,33,0.289682729751161
37918331,28760781,4,32,33,0.123091490979333
37918331,29618814,5,16,33,0.217597069944622
37918331,30001927,8,59,33,0.181303843639735
37918331,30009485,4,16,33,0.174077655955698
37918331,35878022,7,25,33,0.243708718337977
37918331,36155746,5,22,33,0.185567404756301
37918331,36336702,19,113,33,0.311141118985968
37918331,37180733,5,25,33,0.174077655955698
38084517,4065101,5,7,44,0.284901441149095
38084517,5206559,8,68,44,0.146254484825426
38084517,7592799,16,48,44,0.348155311911396
38084517,11255368,5,12,44,0.217597069944622
38084517,11569824,5,11,44,0.227272727272727
38084517,14019388,5,30,44,0.137620470640795
38084517,16982579,14,117,44,0.195123135668321
38084517,21416813,5,20,44,0.168549965615811
38084517,28268029,5,5,44,0.337099931231621
38084517,28760781,8,32,44,0.21320071635561
38084517,29618814,5,16,44,0.188444590361102
38084517,30009485,6,16,44,0.226133508433323
38084517,30648847,5,24,44,0.153864363724166
38084517,30682196,4,5,44,0.269679944985297
38084517,31520074,4,7,44,0.227921152919276
38084517,32081108,4,7,44,0.227921152919276
38084517,32339998,5,9,44,0.251259453814803
38084517,32667965,7,22,44,0.224988521286629
38084517,35283874,5,7,44,0.284901441149095
38084517,36336702,11,113,44,0.156000907644285
38084517,36953027,7,13,44,0.292684703502482
38172949,30648847,4,24,5,0.365148371670111
38172949,31520074,4,7,5,0.676123403782813
38251171,36336702,4,113,5,0.168281264764669
38251171,37918331,4,33,5,0.311399577664609
38350086,30237637,4,4,8,0.707106781186547
38618930,36336702,6,113,9,0.188144173676719
38854075,26183959,4,19,4,0.458831467741123
38867108,36336702,5,113,5,0.210351580955836
38896480,7592799,6,48,8,0.306186217847897
38896480,31520074,4,7,8,0.534522483824849
38896480,38084517,4,44,8,0.21320071635561
38954404,16982579,4,117,7,0.139771311562922
38954404,30009485,6,16,7,0.566946709513841
38954404,30459318,4,10,7,0.478091443733757
38954404,36336702,5,113,7,0.177779533633694
39105746,16982579,4,117,5,0.165379646118945
39105746,28840034,4,10,5,0.565685424949238
39429046,25939371,4,6,6,0.666666666666667
39429046,38474675,4,4,6,0.816496580927726
39483661,16982579,5,117,10,0.146176336551172
39483661,36336702,5,113,10,0.148741029327182
39580645,16982579,5,117,7,0.174714139453653
39580645,36336702,5,113,7,0.177779533633694
39582539,5206559,4,68,7,0.183339699405642
39582539,30574816,4,12,7,0.436435780471985
39582539,37180733,4,25,7,0.302371578407382
39757551,3829231,4,55,54,0.0733975843417574
39757551,3840603,4,39,54,0.0871627267280818
39757551,5206559,15,68,54,0.247536885744169
39757551,5317410,6,15,54,0.210818510677892
39757551,7592799,5,48,54,0.0982092751647983
39757551,8257075,8,51,54,0.152443186793341
39757551,9784288,8,41,54,0.17002045681689
39757551,9784475,4,4,54,0.272165526975909
39757551,10094135,4,33,54,0.0947558739358269
39757551,12949704,6,23,54,0.17025130615175
39757551,13912659,4,10,54,0.172132593164774
39757551,16982579,20,117,54,0.251617118698799
39757551,17347184,5,13,54,0.188712839024099
39757551,18409404,4,12,54,0.157134840263677
39757551,21422242,4,11,54,0.164121987972444
39757551,22716633,11,40,54,0.236682315601564
39757551,24546527,4,30,54,0.0993807989999907
39757551,28361015,5,12,54,0.196418550329597
39757551,28760781,11,32,54,0.264618873378578
39757551,29618814,6,16,54,0.204124145231932
39757551,30001927,8,59,54,0.141731734254062
39757551,30009485,4,16,54,0.136082763487954
39757551,30648847,4,24,54,0.111111111111111
39757551,30806198,9,32,54,0.21650635094611
39757551,32095530,5,25,54,0.136082763487954
39757551,33144654,4,25,54,0.108866210790363
39757551,34794795,6,11,54,0.246182981958665
39757551,35878022,4,25,54,0.108866210790363
39757551,36155746,12,22,54,0.348155311911396
39757551,36336702,49,113,54,0.627277887658098
39757551,37055987,5,11,54,0.205152484965555
39757551,37180733,9,25,54,0.244948974278318
39757551,37918331,14,33,54,0.331645558775394
39757551,38084517,6,44,54,0.123091490979333
39757551,38618930,5,9,54,0.226804605813257
39757551,38867108,4,5,54,0.243432247780074
39803727,38084517,4,44,7,0.227921152919276
39837514,7720676,5,12,20,0.322748612183951
39837514,16982579,7,117,20,0.144707190354077
39837514,36336702,7,113,20,0.147246106669085
39837514,38084517,4,44,20,0.134839972492648
39837514,39757551,5,54,20,0.152145154862546
40140180,32667965,4,22,8,0.301511344577764
40140180,38084517,4,44,8,0.21320071635561
40353971,32909235,4,10,4,0.632455532033676
40423252,21416813,4,20,8,0.316227766016838
40423252,30648847,5,24,8,0.360843918243516
40423252,38084517,4,44,8,0.21320071635561
40581347,36336702,5,113,5,0.210351580955836
40607196,5206559,12,68,24,0.297044262893002
40607196,16982579,12,117,24,0.226455406828919
40607196,22716633,4,40,24,0.129099444873581
40607196,26118513,5,7,24,0.38575837490523
40607196,28146926,4,5,24,0.365148371670111
40607196,28760781,14,32,24,0.505181485540923
40607196,36155746,4,22,24,0.174077655955698
40607196,36336702,18,113,24,0.345642917689156
40607196,37180733,6,25,24,0.244948974278318
40607196,37493096,5,8,24,0.360843918243516
40607196,37918331,4,33,24,0.14213381090374
40607196,38084517,6,44,24,0.184637236468999
40607196,39757551,9,54,24,0.25
40662675,36953027,4,13,8,0.392232270276368
40662675,38084517,4,44,8,0.21320071635561
40740425,3840603,4,39,7,0.242091013067521
40740425,30001927,4,59,7,0.196827132522049
41168353,5206559,6,68,12,0.210042012604201
41168353,9784477,4,23,12,0.240771706171538
41168353,28760781,4,32,12,0.204124145231932
41168353,33544458,5,6,12,0.58925565098879
41168353,34227088,4,10,12,0.365148371670111
41168353,37180733,4,25,12,0.23094010767585
41233772,3829231,6,55,56,0.108112495523467
41233772,5206559,11,68,56,0.178256023976845
41233772,5317410,6,15,56,0.207019667802706
41233772,7592799,4,48,56,0.077151674981046
41233772,7759170,4,13,56,0.14824986333222
41233772,8257075,4,51,56,0.074848118856512
41233772,9784288,4,41,56,0.0834783871129682
41233772,9784475,4,4,56,0.267261241912424
41233772,12949704,7,23,56,0.195047374401373
41233772,16982579,32,117,56,0.395332968885921
41233772,17975832,6,23,56,0.167183463772606
41233772,21422242,5,11,56,0.201455741006345
41233772,22716633,10,40,56,0.211288563682129
41233772,24546527,6,30,56,0.14638501094228
41233772,25388601,6,13,56,0.22237479499833
41233772,27370076,4,6,56,0.218217890235992
41233772,28720107,4,13,56,0.14824986333222
41233772,28760781,12,32,56,0.28347335475692
41233772,28840034,4,10,56,0.169030850945703
41233772,29618814,7,16,56,0.233853586673371
41233772,30001927,10,59,56,0.173972250159805
41233772,30009485,4,16,56,0.133630620956212
41233772,30806198,5,32,56,0.118113897815384
41233772,32339998,6,9,56,0.267261241912424
41233772,32667965,6,22,56,0.170940864689457
41233772,34794795,4,11,56,0.161164592805076
41233772,35365336,6,18,56,0.188982236504614
41233772,35878022,11,25,56,0.293987366103667
41233772,36155746,14,22,56,0.398862017608733
41233772,36336702,46,113,56,0.578261923427409
41233772,36633048,4,10,56,0.169030850945703
41233772,37180733,4,25,56,0.10690449676497
41233772,37287827,5,17,56,0.162050930888041
41233772,37918331,15,33,56,0.348931578899427
41233772,38084517,9,44,56,0.181310166905711
41233772,38251171,4,5,56,0.239045721866879
41233772,39483661,4,10,56,0.169030850945703
41233772,39757551,25,54,56,0.454620604658317
41233772,39837514,4,20,56,0.119522860933439
41233772,40581347,4,5,56,0.239045721866879
41233772,40607196,10,24,56,0.272772362794991
41278929,16982579,6,117,14,0.14824986333222
41278929,30001927,4,59,14,0.139177800127844
41278929,36336702,11,113,14,0.276560050334848
41278929,39757551,7,54,14,0.254587538608658
41278929,41233772,6,56,14,0.214285714285714
41289387,27498077,4,6,4,0.816496580927726
41342015,5206559,5,68,13,0.168168198499078
41342015,9808723,4,16,13,0.277350098112615
41342015,16982579,8,117,13,0.205128205128205
41342015,28760781,5,32,13,0.24514516892273
41342015,35878022,6,25,13,0.332820117735137
41342015,36111835,4,5,13,0.496138938356834
41342015,36155746,4,22,13,0.236524958395633
41342015,36336702,8,113,13,0.20872722011422
41342015,40607196,6,24,13,0.339683110243379
41342015,41233772,6,56,13,0.22237479499833
41610965,27036916,11,14,20,0.657375735133916
41610965,29980740,4,5,20,0.4
41610965,32095530,6,25,20,0.268328157299975
41610965,33602229,8,8,20,0.632455532033676
41610965,36582850,8,10,20,0.565685424949238
41635419,16982579,4,117,15,0.0954819832052577
41635419,22716633,4,40,15,0.163299316185545
41635419,30806198,5,32,15,0.228217732293819
41635419,31742093,4,13,15,0.286445949615773
41635419,32369021,4,5,15,0.461880215351701
41635419,36336702,8,113,15,0.194314467022904
41635419,37918331,5,33,15,0.224733287487747
41635419,39757551,8,54,15,0.281091347570523
41635419,41233772,7,56,15,0.241522945769824
41647263,37205087,8,28,8,0.534522483824849
41665849,40740425,5,7,6,0.771516749810459
41700789,33754970,4,7,5,0.676123403782813
41878920,5206559,8,68,15,0.25048971643406
41878920,9784477,8,23,15,0.430705521646532
41878920,16982579,4,117,15,0.0954819832052577
41878920,28760781,4,32,15,0.182574185835055
41878920,32095530,4,25,15,0.206559111797729
41878920,33544458,4,6,15,0.421637021355784
41878920,36336702,5,113,15,0.121446541889315
41878920,37051572,4,14,15,0.276026223736942
41878920,37180733,7,25,15,0.361478445646026
41878920,37871006,5,7,15,0.487950036474267
41878920,41168353,5,12,15,0.372677996249965
41878920,41536538,4,5,15,0.461880215351701
41903582,34097463,4,6,4,0.816496580927726
41959381,38084517,5,44,6,0.307728727448332
42003924,36336702,4,113,11,0.11345520555948
42011124,21416813,5,20,12,0.322748612183951
42011124,36336702,4,113,12,0.108625089318714
42011124,38084517,4,44,12,0.174077655955698
42011124,39837514,4,20,12,0.258198889747161
42025930,28791737,4,4,4,1
42084064,9784288,4,41,14,0.166956774225936
42084064,28361015,4,12,14,0.308606699924184
42084064,30806198,4,32,14,0.188982236504614
42084064,32095530,6,25,14,0.320713490294909
42084064,33472468,5,12,14,0.38575837490523
42084064,37205087,10,28,14,0.505076272276105
42358319,9784288,4,41,7,0.236112534440382
42358319,28404852,4,7,7,0.571428571428571
42358319,30806198,5,32,7,0.33407655239053
42358319,33144654,4,25,7,0.302371578407382
42485539,17791782,4,14,12,0.308606699924184
42485539,36239813,4,5,12,0.516397779494322
42485539,36336702,5,113,12,0.135781361648392
42485539,39757551,5,54,12,0.196418550329597
42485539,41278929,4,14,12,0.308606699924184
42604208,9784477,4,23,9,0.278019218742766
42604208,36336702,5,113,9,0.156786811397266
42708365,16982579,4,117,5,0.165379646118945
42894747,16982579,7,117,13,0.179487179487179
42894747,28760781,4,32,13,0.196116135138184
42894747,30051279,4,7,13,0.419313934688767
42894747,34290315,4,8,13,0.392232270276368
42894747,35440054,4,4,13,0.554700196225229
42908689,27420587,4,9,9,0.444444444444444
42908689,33155970,4,4,9,0.666666666666667
43101099,7592799,6,48,9,0.288675134594813
43101099,18242380,4,8,9,0.471404520791032
43101099,31520074,5,7,9,0.629940788348712
43101099,38084517,5,44,9,0.251259453814803
43101099,38896480,6,8,9,0.707106781186548
43190428,8257075,4,51,10,0.177122977108019
43190428,40193121,4,5,10,0.565685424949238
43190428,41816319,4,7,10,0.478091443733757
43366433,27498077,4,6,10,0.516397779494322
43366433,30520118,4,4,10,0.632455532033676
43366433,32909235,4,10,10,0.4
43366433,33296723,4,4,10,0.632455532033676
43366433,37590295,4,6,10,0.516397779494322
43408846,36239813,4,5,4,0.894427190999916
43408846,42485539,4,12,4,0.577350269189626
43452251,14889963,6,22,16,0.319801074533416
43452251,19882291,5,13,16,0.346687622640768
43452251,26183959,6,19,16,0.344123600805843
43452251,26193608,5,11,16,0.376889180722205
43452251,42927568,4,8,16,0.353553390593274
43501556,7592799,9,48,26,0.254762332682534
43501556,11255368,5,12,26,0.283069258536149
43501556,11569824,5,11,26,0.295656197994541
43501556,16982579,10,117,26,0.181309431073474
43501556,18242380,4,8,26,0.277350098112615
43501556,21416813,4,20,26,0.175411603861406
43501556,22920002,4,19,26,0.179968508266339
43501556,26334463,5,9,26,0.326860225230307
43501556,28268029,4,5,26,0.350823207722812
43501556,30648847,5,24,26,0.200160192256359
43501556,35283874,4,7,26,0.29649972666444
43501556,36336702,4,113,26,0.073796216380491
43501556,36953027,7,13,26,0.380749805254295
43501556,38084517,14,44,26,0.413918677192358
43501556,39580645,4,7,26,0.29649972666444
43501556,39803727,4,7,26,0.29649972666444
43501556,39837514,4,20,26,0.175411603861406
43501556,41959381,5,6,26,0.400320384512718
43519446,12585619,4,6,7,0.617213399848368
43519446,14493121,4,4,7,0.755928946018454
43519446,41985103,4,4,7,0.755928946018454
43574810,20025407,4,17,10,0.306785995538948
43574810,38350086,4,8,10,0.447213595499958
43579967,5206559,9,68,11,0.329072590857209
43579967,16982579,4,117,11,0.111498934667612
43579967,17975832,4,23,11,0.251477845384773
43579967,22716633,5,40,11,0.238365647311398
43579967,36336702,7,113,11,0.19854660972909
43579967,41342015,4,13,11,0.334496804002836
43600469,16982579,6,117,8,0.196116135138184
43600469,28840034,5,10,8,0.559016994374947
43600469,30001927,4,59,8,0.184114923579665
43600469,35878022,5,25,8,0.353553390593274
43600469,36336702,4,113,8,0.133038021047548
43600469,41233772,4,56,8,0.188982236504614
43618829,27036916,5,14,7,0.505076272276105
43618829,33602229,4,8,7,0.534522483824849
43618829,41610965,6,20,7,0.50709255283711
43620638,5206559,9,68,16,0.272852578165875
43620638,9784288,5,41,16,0.195217202360758
43620638,9784477,4,23,16,0.208514414057075
43620638,30459318,4,10,16,0.316227766016838
43620638,32095530,5,25,16,0.25
43620638,35365336,6,18,16,0.353553390593274
43620638,36336702,7,113,16,0.16462615196713
43620638,39757551,5,54,16,0.170103454359943
43870179,36336702,4,113,9,0.125429449117813
44025012,27498077,4,6,5,0.730296743340221
44025012,36464021,4,4,5,0.894427190999916
44125362,8257075,4,51,4,0.280056016805602
44134570,38084517,5,44,7,0.284901441149095
44157756,4218636,4,12,46,0.17025130615175
44157756,5206559,26,68,46,0.464879050903899
44157756,5821122,4,5,46,0.263752189358315
44157756,9784288,7,41,46,0.161185954670476
44157756,9784477,13,23,46,0.399669050235875
44157756,13889469,4,4,46,0.294883912309794
44157756,14019388,5,30,46,0.134595475514541
44157756,16982579,12,117,46,0.163572164021906
44157756,17347184,5,13,46,0.204465205027383
44157756,17975832,11,23,46,0.33818150404574
44157756,22716633,7,40,46,0.163188341442055
44157756,28720107,4,13,46,0.163572164021906
44157756,28760781,14,32,46,0.364900224599881
44157756,30009485,4,16,46,0.147441956154897
44157756,30459318,5,10,46,0.233126202060078
44157756,31462573,4,5,46,0.263752189358315
44157756,32095530,7,25,46,0.206418738616856
44157756,32667965,4,22,46,0.125738922692386
44157756,34794795,4,11,46,0.177821689789755
44157756,35365336,6,18,46,0.208514414057075
44157756,36155746,8,22,46,0.251477845384773
44157756,36336702,30,113,46,0.416105175090633
44157756,37055987,5,11,46,0.222277112237194
44157756,37164842,4,4,46,0.294883912309794
44157756,37180733,13,25,46,0.383349086002733
44157756,37493096,6,8,46,0.312771621085612
44157756,37871006,5,7,46,0.278639106287676
44157756,37918331,4,33,46,0.102665400467869
44157756,38084517,6,44,46,0.133366267342316
44157756,39757551,11,54,46,0.22070739732391
44157756,40607196,10,24,46,0.300964632714423
44157756,41168353,5,12,46,0.212814132689687
44157756,41233772,11,56,46,0.216730361715753
44157756,41635419,5,15,46,0.19034674690672
44157756,41878920,7,15,46,0.266485445669408
44157756,43579967,5,11,46,0.222277112237194
44157756,43620638,9,16,46,0.331744401348519
44157756,43870179,4,9,46,0.196589274873196
44584638,9784288,5,41,20,0.174607573942395
44584638,16982579,4,117,20,0.0826898230594723
44584638,30574816,6,12,20,0.387298334620742
44584638,32034205,5,12,20,0.322748612183951
44584638,36336702,4,113,20,0.0841406323823343
44584638,37180733,4,25,20,0.178885438199983
44584638,41510284,4,5,20,0.4
44637801,4202106,4,8,9,0.471404520791032
44637801,5630592,6,18,9,0.471404520791032
44719336,17453395,4,6,24,0.333333333333333
44719336,17538905,6,14,24,0.327326835353989
44719336,28361015,4,12,24,0.235702260395516
44719336,30806198,6,32,24,0.21650635094611
44719336,32095530,5,25,24,0.204124145231932
44719336,33472468,10,12,24,0.58925565098879
44719336,34585189,4,6,24,0.333333333333333
44719336,37205087,22,28,24,0.848668424791506
44719336,41647263,7,8,24,0.505181485540923
44719336,42084064,9,14,24,0.490990253030983
44850108,20025407,4,17,7,0.366679398811285
44850108,37800660,4,6,7,0.617213399848368
44856257,36336702,4,113,8,0.133038021047548
45136473,31786672,4,10,5,0.565685424949238
45244250,36336702,4,113,7,0.142223626906956
45306863,41610965,6,20,7,0.50709255283711
45339904,8257075,4,51,9,0.186704011203735
45339904,37180733,4,25,9,0.266666666666667
45406147,30806198,4,32,6,0.288675134594813
45484614,16982579,6,117,8,0.196116135138184
45484614,24546527,4,30,8,0.258198889747161
45484614,35878022,4,25,8,0.282842712474619
45484614,36336702,5,113,8,0.166297526309435
45484614,41233772,5,56,8,0.236227795630767
45627392,3829231,5,55,8,0.238365647311398
45627392,30001927,4,59,8,0.184114923579665
45627392,35799056,6,6,8,0.866025403784439
45668485,30001927,4,59,4,0.260377821961648
45708433,41823282,4,4,8,0.707106781186547
45807552,5206559,5,68,17,0.147058823529412
45807552,22716633,6,40,17,0.230089496654211
45807552,34794795,5,11,17,0.365636212063565
45807552,36155746,4,22,17,0.206835075998008
45807552,36336702,12,113,17,0.273789988557765
45807552,37918331,4,33,17,0.1688801323683
45807552,39757551,7,54,17,0.231034426694557
45807552,44157756,8,46,17,0.286079415940861
45876930,20025407,5,17,8,0.428746462856272
45876930,31786672,6,10,8,0.670820393249937
45944842,16982579,5,117,7,0.174714139453653
45944842,35878022,4,25,7,0.302371578407382
45980088,5206559,11,68,13,0.369970036697972
45980088,17975832,4,23,13,0.231325972786496
45980088,28760781,5,32,13,0.24514516892273
45980088,35365336,5,18,13,0.326860225230307
45980088,36336702,11,113,13,0.286999927657052
45980088,37180733,6,25,13,0.332820117735137
45980088,37493096,5,8,13,0.49029033784546
45980088,39757551,5,54,13,0.188712839024099
45980088,40607196,4,24,13,0.226455406828919
45980088,44157756,8,46,13,0.327144328043812
46021256,16982579,4,117,11,0.111498934667612
46021256,36336702,8,113,11,0.22691041111896
46021256,41233772,4,56,11,0.161164592805076
46142348,22072376,5,22,11,0.321412173266613
46188420,16982579,4,117,7,0.139771311562922
46188420,35849501,6,11,7,0.683763458757828
46297493,36336702,4,113,5,0.168281264764669
46355491,8257075,4,51,5,0.25048971643406
46434689,36336702,5,113,5,0.210351580955836
46434689,41233772,4,56,5,0.239045721866879
46523565,4065101,4,7,7,0.571428571428571
46523565,11255368,4,12,7,0.436435780471985
46523565,18242380,4,8,7,0.534522483824849
46523565,34097463,4,6,7,0.617213399848368
46588129,44584638,4,20,5,0.4
46628049,29377883,5,5,7,0.845154254728517
46628049,43401739,4,5,7,0.676123403782813
46691175,5206559,4,68,7,0.183339699405642
46723337,43489723,5,6,7,0.771516749810459
46757339,11569824,4,11,10,0.381385035698237
46757339,21416813,4,20,10,0.282842712474619
46757339,28268029,4,5,10,0.565685424949238
46757339,35283874,4,7,10,0.478091443733757
46757339,36953027,7,13,10,0.61394061351492
46757339,38084517,8,44,10,0.381385035698237
46757339,39803727,4,7,10,0.478091443733757
46757339,41959381,4,6,10,0.516397779494322
46757339,43501556,7,26,10,0.43412157106223
47133428,5206559,13,68,70,0.188425586587046
47133428,5630592,6,18,70,0.169030850945703
47133428,7592799,10,48,70,0.172516389835589
47133428,8257071,4,8,70,0.169030850945703
47133428,8257075,4,51,70,0.0669461927004578
47133428,9784288,7,41,70,0.130664343765648
47133428,9784477,9,23,70,0.224300153825652
47133428,10094135,4,33,70,0.0832250378576479
47133428,12949704,4,23,70,0.0996889572558454
47133428,16982579,11,117,70,0.121548816424163
47133428,17975832,4,23,70,0.0996889572558454
47133428,21416813,4,20,70,0.10690449676497
47133428,22716633,6,40,70,0.113389341902768
47133428,22920002,4,19,70,0.109681699421416
47133428,28361015,4,12,70,0.138013111868471
47133428,28760781,7,32,70,0.14790199457749
47133428,30009485,4,16,70,0.119522860933439
47133428,30648847,7,24,70,0.170782512765993
47133428,32095530,5,25,70,0.119522860933439
47133428,32667965,7,22,70,0.178376517003169
47133428,33472468,4,12,70,0.138013111868471
47133428,34227088,4,10,70,0.151185789203691
47133428,34794795,4,11,70,0.144149994031289
47133428,35283874,5,7,70,0.225876975726313
47133428,35365336,5,18,70,0.140859042454753
47133428,36336702,21,113,70,0.236119064010894
47133428,37051572,4,14,70,0.127775312999988
47133428,37180733,5,25,70,0.119522860933439
47133428,37205087,4,28,70,0.0903507902905251
47133428,37918331,5,33,70,0.10403129732206
47133428,38084517,12,44,70,0.216224991046934
47133428,39757551,8,54,70,0.130120009726471
47133428,39803727,4,7,70,0.18070158058105
47133428,39837514,5,20,70,0.133630620956212
47133428,40607196,5,24,70,0.121987509118567
47133428,40662675,4,8,70,0.169030850945703
47133428,41233772,7,56,70,0.111803398874989
47133428,41878920,6,15,70,0.18516401995451
47133428,42011124,5,12,70,0.172516389835589
47133428,42072576,4,4,70,0.239045721866879
47133428,42604208,5,9,70,0.199204768222399
47133428,43501556,6,26,70,0.140642169281549
47133428,43620638,4,16,70,0.119522860933439
47133428,44157756,14,46,70,0.246717581897584
47133428,44719336,5,24,70,0.121987509118567
47133428,45807552,4,17,70,0.11595420713049
47133428,45980088,4,13,70,0.132598708826359
47144931,32667965,9,22,10,0.606779876216918
47144931,38084517,4,44,10,0.190692517849118
47144931,47133428,4,70,10,0.151185789203691
47280354,16982579,4,117,4,0.18490006540841
47280354,33828975,4,6,4,0.816496580927726
47351238,16982579,4,117,5,0.165379646118945
47351238,27966563,4,5,5,0.8
47404002,7592799,4,48,9,0.192450089729875
47404002,16982579,5,117,9,0.154083387840341
47497114,45057810,4,4,5,0.894427190999916
47522415,16982579,5,117,12,0.133440128170906
47522415,36336702,5,113,12,0.135781361648392
47522415,47404002,4,9,12,0.384900179459751
47736488,16982579,4,117,11,0.111498934667612
47736488,24546527,4,30,11,0.220192753025272
47736488,30001927,6,59,11,0.235520601593658
47736488,30009485,4,16,11,0.301511344577764
47828047,8257075,9,51,14,0.336816534854304
47828047,9784288,4,41,14,0.166956774225936
47828047,12949704,4,23,14,0.222911285030141
47828047,30806198,4,32,14,0.188982236504614
47828047,36336702,5,113,14,0.125709113788567
47828047,36543294,4,8,14,0.377964473009227
47852562,5630592,4,18,36,0.157134840263677
47852562,6351292,8,17,36,0.323380833381777
47852562,7308420,4,8,36,0.235702260395516
47852562,10526626,5,20,36,0.186338998124982
47852562,14603547,5,27,36,0.160375074774896
47852562,16511040,7,10,36,0.368932393686311
47852562,17681590,5,15,36,0.215165741455968
47852562,19696249,4,14,36,0.17817416127495
47852562,20025211,5,10,36,0.263523138347365
47852562,20025407,10,17,36,0.404226041727222
47852562,31258751,4,4,36,0.333333333333333
47852562,31786672,6,10,36,0.316227766016838
47852562,33917875,4,5,36,0.298142396999972
47852562,37800660,4,6,36,0.272165526975909
47852562,41631251,4,9,36,0.222222222222222
47852562,43142454,4,7,36,0.251976315339485
47852562,44850108,4,7,36,0.251976315339485
47852562,45876930,4,8,36,0.235702260395516
47852562,46105198,4,4,36,0.333333333333333
47852562,47133428,7,70,36,0.139443337755679
47906196,16982579,4,117,10,0.116941069240937
47906196,36155746,5,22,10,0.337099931231621
47906196,36336702,7,113,10,0.208237441058055
47906196,37918331,4,33,10,0.220192753025272
47906196,39757551,4,54,10,0.172132593164774
47906196,41233772,6,56,10,0.253546276418555
47979440,16982579,4,117,10,0.116941069240937
47979440,30009485,4,16,10,0.316227766016838
47979440,30459318,4,10,10,0.4
47979440,36336702,4,113,10,0.118992823461746
47979440,47736488,7,11,10,0.667423812471915
47990919,32095530,4,25,5,0.357770876399966
48033749,18409404,4,12,5,0.516397779494322
48121486,5206559,7,68,10,0.26843774609658
48121486,28760781,4,32,10,0.223606797749979
48121486,36336702,7,113,10,0.208237441058055
48121486,37180733,6,25,10,0.379473319220206
48121486,39757551,4,54,10,0.172132593164774
48121486,40607196,4,24,10,0.258198889747161
48121486,44157756,8,46,10,0.373001923296126
48121486,45980088,5,13,10,0.438529009653515
48121486,47133428,5,70,10,0.188982236504614
48341290,36953027,5,13,10,0.438529009653515
48341290,38084517,6,44,10,0.286038776773678
48341290,39803727,5,7,10,0.597614304667197
48341290,40662675,4,8,10,0.447213595499958
48341290,43501556,5,26,10,0.310086836473021
48341290,46757339,5,10,10,0.5
48491244,44584638,4,20,4,0.447213595499958
48591971,5206559,7,68,16,0.212218671906791
48591971,16982579,9,117,16,0.208012573584461
48591971,28760781,9,32,16,0.397747564417433
48591971,36155746,5,22,16,0.266500895444513
48591971,36336702,12,113,16,0.282216260515079
48591971,38084517,4,44,16,0.150755672288882
48591971,39757551,6,54,16,0.204124145231932
48591971,40607196,8,24,16,0.408248290463863
48591971,41233772,10,56,16,0.33407655239053
48591971,41342015,7,13,16,0.485362671697076
48591971,43579967,4,11,16,0.301511344577764
48591971,47906196,4,10,16,0.316227766016838
48659759,16511040,5,10,7,0.597614304667197
48659759,47852562,5,36,7,0.314970394174356
48691258,3840603,4,39,14,0.171184197004365
48691258,28361015,4,12,14,0.308606699924184
48691258,30001927,5,59,14,0.173972250159805
48691258,30009485,7,16,14,0.467707173346743
48691258,30459318,4,10,14,0.338061701891407
48691258,32095530,4,25,14,0.213808993529939
48691258,38954404,5,7,14,0.505076272276105
48691258,45339904,4,9,14,0.356348322549899
48691258,47736488,7,11,14,0.564076074817766
48691258,47979440,4,10,14,0.338061701891407
48732368,5206559,14,68,45,0.253085534121766
48732368,5317410,5,15,45,0.192450089729875
48732368,7592799,4,48,45,0.086066296582387
48732368,9784288,4,41,45,0.0931240394359438
48732368,9784477,4,23,45,0.124333974432042
48732368,9808723,5,16,45,0.186338998124982
48732368,13889431,4,4,45,0.298142396999972
48732368,14019388,4,30,45,0.108866210790363
48732368,16982579,16,117,45,0.220506194825259
48732368,17975832,7,23,45,0.217584455256073
48732368,18423574,4,14,45,0.159363814577919
48732368,21422242,5,11,45,0.224733287487747
48732368,22354688,4,9,45,0.198761597999981
48732368,22722328,4,28,45,0.112687233963802
48732368,26334463,5,9,45,0.248451997499977
48732368,28361015,4,12,45,0.172132593164774
48732368,28760781,6,32,45,0.158113883008419
48732368,29618814,5,16,45,0.186338998124982
48732368,30001927,4,59,45,0.0776296679652776
48732368,30051279,4,7,45,0.225374467927604
48732368,30459318,6,10,45,0.282842712474619
48732368,30648847,4,24,45,0.121716123890037
48732368,30806198,6,32,45,0.158113883008419
48732368,32095530,6,25,45,0.178885438199983
48732368,32667965,8,22,45,0.254256690465491
48732368,34290315,4,8,45,0.210818510677892
48732368,34794795,4,11,45,0.179786629990198
48732368,35365336,6,18,45,0.210818510677892
48732368,35878022,9,25,45,0.268328157299975
48732368,36111835,5,5,45,0.333333333333333
48732368,36155746,5,22,45,0.158910431540932
48732368,36336702,32,113,45,0.448750039372449
48732368,36633048,4,10,45,0.188561808316413
48732368,37055987,6,11,45,0.269679944985297
48732368,37918331,4,33,45,0.103799859221536
48732368,38084517,7,44,45,0.157313301241423
48732368,39757551,19,54,45,0.38543439231845
48732368,39837514,5,20,45,0.166666666666667
48732368,40140180,4,8,45,0.210818510677892
48732368,41233772,14,56,45,0.278886675511359
48732368,41342015,6,13,45,0.248069469178417
48732368,42894747,7,13,45,0.289414380708153
48732368,43501556,5,26,45,0.146176336551172
48732368,43579967,5,11,45,0.224733287487747
48732368,43620638,8,16,45,0.298142396999972
48732368,44157756,13,46,45,0.285731538471508
48732368,45484614,4,8,45,0.210818510677892
48732368,45807552,5,17,45,0.180775381515547
48732368,46434689,4,5,45,0.266666666666667
48732368,47144931,4,10,45,0.188561808316413
48732368,47979440,4,10,45,0.188561808316413
48732368,48591971,5,16,45,0.186338998124982
49056512,16982579,5,117,8,0.163430112615153
49056512,36336702,4,113,8,0.133038021047548
49056512,41233772,5,56,8,0.236227795630767
49056512,48732368,5,45,8,0.263523138347365
49129294,43366433,4,10,4,0.632455532033676
49360039,43489723,4,6,5,0.730296743340221
49360039,46723337,4,7,5,0.676123403782813
49511201,37205087,4,28,4,0.377964473009227
